Model,Fold,Label,F1_micro,F1_macro,Precision,Recall,FPR,FNR,TPR,TNR,TP,FP,FN,TN
Logistic Regression,1,PoliceReform,0.46530612244897956,0.4326967635959592,0.5647058823529412,0.45714285714285713,0.03360581289736603,0.5428571428571428,0.45714285714285713,0.9663941871026339,48,37,57,1064
Logistic Regression,1,Operations_PatrolsInterventions,0.46530612244897956,0.4326967635959592,0.6666666666666666,0.5333333333333333,0.006802721088435374,0.4666666666666667,0.5333333333333333,0.9931972789115646,16,8,14,1168
Logistic Regression,1,StateAdministration,0.46530612244897956,0.4326967635959592,0.5277777777777778,0.4318181818181818,0.014629948364888123,0.5681818181818182,0.4318181818181818,0.9853700516351118,19,17,25,1145
Logistic Regression,1,RefugeeAssistance,0.46530612244897956,0.4326967635959592,0.45454545454545453,0.23809523809523808,0.005063291139240506,0.7619047619047619,0.23809523809523808,0.9949367088607595,5,6,16,1179
Logistic Regression,1,ElectionAssistance,0.46530612244897956,0.4326967635959592,0.46153846153846156,0.2727272727272727,0.0059121621621621625,0.7272727272727273,0.2727272727272727,0.9940878378378378,6,7,16,1177
Logistic Regression,1,LegalReform,0.46530612244897956,0.4326967635959592,0.47058823529411764,0.3076923076923077,0.007627118644067797,0.6923076923076923,0.3076923076923077,0.9923728813559322,8,9,18,1171
Logistic Regression,1,CivilSocietyAssistance,0.46530612244897956,0.4326967635959592,0.5,0.375,0.010221465076660987,0.625,0.375,0.989778534923339,12,12,20,1162
Logistic Regression,1,PoliceReform,0.46530612244897956,0.4326967635959592,0.5647058823529412,0.45714285714285713,0.03360581289736603,0.5428571428571428,0.45714285714285713,0.9663941871026339,48,37,57,1064
Logistic Regression,1,Operations_PatrolsInterventions,0.46530612244897956,0.4326967635959592,0.6666666666666666,0.5333333333333333,0.006802721088435374,0.4666666666666667,0.5333333333333333,0.9931972789115646,16,8,14,1168
Logistic Regression,1,StateAdministration,0.46530612244897956,0.4326967635959592,0.5277777777777778,0.4318181818181818,0.014629948364888123,0.5681818181818182,0.4318181818181818,0.9853700516351118,19,17,25,1145
Logistic Regression,1,RefugeeAssistance,0.46530612244897956,0.4326967635959592,0.45454545454545453,0.23809523809523808,0.005063291139240506,0.7619047619047619,0.23809523809523808,0.9949367088607595,5,6,16,1179
Logistic Regression,1,ElectionAssistance,0.46530612244897956,0.4326967635959592,0.46153846153846156,0.2727272727272727,0.0059121621621621625,0.7272727272727273,0.2727272727272727,0.9940878378378378,6,7,16,1177
Logistic Regression,1,LegalReform,0.46530612244897956,0.4326967635959592,0.47058823529411764,0.3076923076923077,0.007627118644067797,0.6923076923076923,0.3076923076923077,0.9923728813559322,8,9,18,1171
Logistic Regression,1,CivilSocietyAssistance,0.46530612244897956,0.4326967635959592,0.5,0.375,0.010221465076660987,0.625,0.375,0.989778534923339,12,12,20,1162
Logistic Regression,2,PoliceReform,0.5200845665961945,0.49357405322336384,0.6708860759493671,0.5047619047619047,0.023614895549500452,0.49523809523809526,0.5047619047619047,0.9763851044504995,53,26,52,1075
Logistic Regression,2,Operations_PatrolsInterventions,0.5200845665961945,0.49357405322336384,0.6785714285714286,0.6333333333333333,0.007653061224489796,0.36666666666666664,0.6333333333333333,0.9923469387755102,19,9,11,1167
Logistic Regression,2,StateAdministration,0.5200845665961945,0.49357405322336384,0.64,0.36363636363636365,0.00774526678141136,0.6363636363636364,0.36363636363636365,0.9922547332185886,16,9,28,1153
Logistic Regression,2,RefugeeAssistance,0.5200845665961945,0.49357405322336384,0.6666666666666666,0.2857142857142857,0.002531645569620253,0.7142857142857143,0.2857142857142857,0.9974683544303797,6,3,15,1182
Logistic Regression,2,ElectionAssistance,0.5200845665961945,0.49357405322336384,0.8181818181818182,0.4090909090909091,0.0016891891891891893,0.5909090909090909,0.4090909090909091,0.9983108108108109,9,2,13,1182
Logistic Regression,2,LegalReform,0.5200845665961945,0.49357405322336384,0.5625,0.34615384615384615,0.005932203389830509,0.6538461538461539,0.34615384615384615,0.9940677966101695,9,7,17,1173
Logistic Regression,2,CivilSocietyAssistance,0.5200845665961945,0.49357405322336384,0.44,0.34375,0.01192504258943782,0.65625,0.34375,0.9880749574105622,11,14,21,1160
Logistic Regression,1,PoliceReform,0.46530612244897956,0.4326967635959592,0.5647058823529412,0.45714285714285713,0.03360581289736603,0.5428571428571428,0.45714285714285713,0.9663941871026339,48,37,57,1064
Logistic Regression,1,Operations_PatrolsInterventions,0.46530612244897956,0.4326967635959592,0.6666666666666666,0.5333333333333333,0.006802721088435374,0.4666666666666667,0.5333333333333333,0.9931972789115646,16,8,14,1168
Logistic Regression,1,StateAdministration,0.46530612244897956,0.4326967635959592,0.5277777777777778,0.4318181818181818,0.014629948364888123,0.5681818181818182,0.4318181818181818,0.9853700516351118,19,17,25,1145
Logistic Regression,1,RefugeeAssistance,0.46530612244897956,0.4326967635959592,0.45454545454545453,0.23809523809523808,0.005063291139240506,0.7619047619047619,0.23809523809523808,0.9949367088607595,5,6,16,1179
Logistic Regression,1,ElectionAssistance,0.46530612244897956,0.4326967635959592,0.46153846153846156,0.2727272727272727,0.0059121621621621625,0.7272727272727273,0.2727272727272727,0.9940878378378378,6,7,16,1177
Logistic Regression,1,LegalReform,0.46530612244897956,0.4326967635959592,0.47058823529411764,0.3076923076923077,0.007627118644067797,0.6923076923076923,0.3076923076923077,0.9923728813559322,8,9,18,1171
Logistic Regression,1,CivilSocietyAssistance,0.46530612244897956,0.4326967635959592,0.5,0.375,0.010221465076660987,0.625,0.375,0.989778534923339,12,12,20,1162
Logistic Regression,2,PoliceReform,0.5200845665961945,0.49357405322336384,0.6708860759493671,0.5047619047619047,0.023614895549500452,0.49523809523809526,0.5047619047619047,0.9763851044504995,53,26,52,1075
Logistic Regression,2,Operations_PatrolsInterventions,0.5200845665961945,0.49357405322336384,0.6785714285714286,0.6333333333333333,0.007653061224489796,0.36666666666666664,0.6333333333333333,0.9923469387755102,19,9,11,1167
Logistic Regression,2,StateAdministration,0.5200845665961945,0.49357405322336384,0.64,0.36363636363636365,0.00774526678141136,0.6363636363636364,0.36363636363636365,0.9922547332185886,16,9,28,1153
Logistic Regression,2,RefugeeAssistance,0.5200845665961945,0.49357405322336384,0.6666666666666666,0.2857142857142857,0.002531645569620253,0.7142857142857143,0.2857142857142857,0.9974683544303797,6,3,15,1182
Logistic Regression,2,ElectionAssistance,0.5200845665961945,0.49357405322336384,0.8181818181818182,0.4090909090909091,0.0016891891891891893,0.5909090909090909,0.4090909090909091,0.9983108108108109,9,2,13,1182
Logistic Regression,2,LegalReform,0.5200845665961945,0.49357405322336384,0.5625,0.34615384615384615,0.005932203389830509,0.6538461538461539,0.34615384615384615,0.9940677966101695,9,7,17,1173
Logistic Regression,2,CivilSocietyAssistance,0.5200845665961945,0.49357405322336384,0.44,0.34375,0.01192504258943782,0.65625,0.34375,0.9880749574105622,11,14,21,1160
Logistic Regression,3,PoliceReform,0.47484909456740443,0.4931620643730665,0.45054945054945056,0.3904761904761905,0.045413260672116255,0.6095238095238096,0.3904761904761905,0.9545867393278837,41,50,64,1051
Logistic Regression,3,Operations_PatrolsInterventions,0.47484909456740443,0.4931620643730665,0.64,0.5333333333333333,0.007653061224489796,0.4666666666666667,0.5333333333333333,0.9923469387755102,16,9,14,1167
Logistic Regression,3,StateAdministration,0.47484909456740443,0.4931620643730665,0.7,0.4772727272727273,0.00774526678141136,0.5227272727272727,0.4772727272727273,0.9922547332185886,21,9,23,1153
Logistic Regression,3,RefugeeAssistance,0.47484909456740443,0.4931620643730665,0.6363636363636364,0.35,0.003372681281618887,0.65,0.35,0.9966273187183811,7,4,13,1182
Logistic Regression,3,ElectionAssistance,0.47484909456740443,0.4931620643730665,0.631578947368421,0.5454545454545454,0.0059121621621621625,0.45454545454545453,0.5454545454545454,0.9940878378378378,12,7,10,1177
Logistic Regression,3,LegalReform,0.47484909456740443,0.4931620643730665,0.5555555555555556,0.38461538461538464,0.006779661016949152,0.6153846153846154,0.38461538461538464,0.9932203389830508,10,8,16,1172
Logistic Regression,3,CivilSocietyAssistance,0.47484909456740443,0.4931620643730665,0.4782608695652174,0.3333333333333333,0.010230179028132993,0.6666666666666666,0.3333333333333333,0.989769820971867,11,12,22,1161
Logistic Regression,1,PoliceReform,0.46530612244897956,0.4326967635959592,0.5647058823529412,0.45714285714285713,0.03360581289736603,0.5428571428571428,0.45714285714285713,0.9663941871026339,48,37,57,1064
Logistic Regression,1,Operations_PatrolsInterventions,0.46530612244897956,0.4326967635959592,0.6666666666666666,0.5333333333333333,0.006802721088435374,0.4666666666666667,0.5333333333333333,0.9931972789115646,16,8,14,1168
Logistic Regression,1,StateAdministration,0.46530612244897956,0.4326967635959592,0.5277777777777778,0.4318181818181818,0.014629948364888123,0.5681818181818182,0.4318181818181818,0.9853700516351118,19,17,25,1145
Logistic Regression,1,RefugeeAssistance,0.46530612244897956,0.4326967635959592,0.45454545454545453,0.23809523809523808,0.005063291139240506,0.7619047619047619,0.23809523809523808,0.9949367088607595,5,6,16,1179
Logistic Regression,1,ElectionAssistance,0.46530612244897956,0.4326967635959592,0.46153846153846156,0.2727272727272727,0.0059121621621621625,0.7272727272727273,0.2727272727272727,0.9940878378378378,6,7,16,1177
Logistic Regression,1,LegalReform,0.46530612244897956,0.4326967635959592,0.47058823529411764,0.3076923076923077,0.007627118644067797,0.6923076923076923,0.3076923076923077,0.9923728813559322,8,9,18,1171
Logistic Regression,1,CivilSocietyAssistance,0.46530612244897956,0.4326967635959592,0.5,0.375,0.010221465076660987,0.625,0.375,0.989778534923339,12,12,20,1162
Logistic Regression,2,PoliceReform,0.5200845665961945,0.49357405322336384,0.6708860759493671,0.5047619047619047,0.023614895549500452,0.49523809523809526,0.5047619047619047,0.9763851044504995,53,26,52,1075
Logistic Regression,2,Operations_PatrolsInterventions,0.5200845665961945,0.49357405322336384,0.6785714285714286,0.6333333333333333,0.007653061224489796,0.36666666666666664,0.6333333333333333,0.9923469387755102,19,9,11,1167
Logistic Regression,2,StateAdministration,0.5200845665961945,0.49357405322336384,0.64,0.36363636363636365,0.00774526678141136,0.6363636363636364,0.36363636363636365,0.9922547332185886,16,9,28,1153
Logistic Regression,2,RefugeeAssistance,0.5200845665961945,0.49357405322336384,0.6666666666666666,0.2857142857142857,0.002531645569620253,0.7142857142857143,0.2857142857142857,0.9974683544303797,6,3,15,1182
Logistic Regression,2,ElectionAssistance,0.5200845665961945,0.49357405322336384,0.8181818181818182,0.4090909090909091,0.0016891891891891893,0.5909090909090909,0.4090909090909091,0.9983108108108109,9,2,13,1182
Logistic Regression,2,LegalReform,0.5200845665961945,0.49357405322336384,0.5625,0.34615384615384615,0.005932203389830509,0.6538461538461539,0.34615384615384615,0.9940677966101695,9,7,17,1173
Logistic Regression,2,CivilSocietyAssistance,0.5200845665961945,0.49357405322336384,0.44,0.34375,0.01192504258943782,0.65625,0.34375,0.9880749574105622,11,14,21,1160
Logistic Regression,3,PoliceReform,0.47484909456740443,0.4931620643730665,0.45054945054945056,0.3904761904761905,0.045413260672116255,0.6095238095238096,0.3904761904761905,0.9545867393278837,41,50,64,1051
Logistic Regression,3,Operations_PatrolsInterventions,0.47484909456740443,0.4931620643730665,0.64,0.5333333333333333,0.007653061224489796,0.4666666666666667,0.5333333333333333,0.9923469387755102,16,9,14,1167
Logistic Regression,3,StateAdministration,0.47484909456740443,0.4931620643730665,0.7,0.4772727272727273,0.00774526678141136,0.5227272727272727,0.4772727272727273,0.9922547332185886,21,9,23,1153
Logistic Regression,3,RefugeeAssistance,0.47484909456740443,0.4931620643730665,0.6363636363636364,0.35,0.003372681281618887,0.65,0.35,0.9966273187183811,7,4,13,1182
Logistic Regression,3,ElectionAssistance,0.47484909456740443,0.4931620643730665,0.631578947368421,0.5454545454545454,0.0059121621621621625,0.45454545454545453,0.5454545454545454,0.9940878378378378,12,7,10,1177
Logistic Regression,3,LegalReform,0.47484909456740443,0.4931620643730665,0.5555555555555556,0.38461538461538464,0.006779661016949152,0.6153846153846154,0.38461538461538464,0.9932203389830508,10,8,16,1172
Logistic Regression,3,CivilSocietyAssistance,0.47484909456740443,0.4931620643730665,0.4782608695652174,0.3333333333333333,0.010230179028132993,0.6666666666666666,0.3333333333333333,0.989769820971867,11,12,22,1161
Logistic Regression,4,PoliceReform,0.5278350515463918,0.5115600910672107,0.6933333333333334,0.49523809523809526,0.02089009990917348,0.5047619047619047,0.49523809523809526,0.9791099000908265,52,23,53,1078
Logistic Regression,4,Operations_PatrolsInterventions,0.5278350515463918,0.5115600910672107,0.7619047619047619,0.5333333333333333,0.004251700680272109,0.4666666666666667,0.5333333333333333,0.9957482993197279,16,5,14,1171
Logistic Regression,4,StateAdministration,0.5278350515463918,0.5115600910672107,0.6,0.4090909090909091,0.010327022375215147,0.5909090909090909,0.4090909090909091,0.9896729776247849,18,12,26,1150
Logistic Regression,4,RefugeeAssistance,0.5278350515463918,0.5115600910672107,0.5294117647058824,0.45,0.006745362563237774,0.55,0.45,0.9932546374367622,9,8,11,1178
Logistic Regression,4,ElectionAssistance,0.5278350515463918,0.5115600910672107,0.5789473684210527,0.4782608695652174,0.006762468300929839,0.5217391304347826,0.4782608695652174,0.9932375316990701,11,8,12,1175
Logistic Regression,4,LegalReform,0.5278350515463918,0.5115600910672107,0.5555555555555556,0.4,0.006773920406435224,0.6,0.4,0.9932260795935648,10,8,15,1173
Logistic Regression,4,CivilSocietyAssistance,0.5278350515463918,0.5115600910672107,0.46153846153846156,0.375,0.01192504258943782,0.625,0.375,0.9880749574105622,12,14,20,1160
Logistic Regression,1,PoliceReform,0.46530612244897956,0.4326967635959592,0.5647058823529412,0.45714285714285713,0.03360581289736603,0.5428571428571428,0.45714285714285713,0.9663941871026339,48,37,57,1064
Logistic Regression,1,Operations_PatrolsInterventions,0.46530612244897956,0.4326967635959592,0.6666666666666666,0.5333333333333333,0.006802721088435374,0.4666666666666667,0.5333333333333333,0.9931972789115646,16,8,14,1168
Logistic Regression,1,StateAdministration,0.46530612244897956,0.4326967635959592,0.5277777777777778,0.4318181818181818,0.014629948364888123,0.5681818181818182,0.4318181818181818,0.9853700516351118,19,17,25,1145
Logistic Regression,1,RefugeeAssistance,0.46530612244897956,0.4326967635959592,0.45454545454545453,0.23809523809523808,0.005063291139240506,0.7619047619047619,0.23809523809523808,0.9949367088607595,5,6,16,1179
Logistic Regression,1,ElectionAssistance,0.46530612244897956,0.4326967635959592,0.46153846153846156,0.2727272727272727,0.0059121621621621625,0.7272727272727273,0.2727272727272727,0.9940878378378378,6,7,16,1177
Logistic Regression,1,LegalReform,0.46530612244897956,0.4326967635959592,0.47058823529411764,0.3076923076923077,0.007627118644067797,0.6923076923076923,0.3076923076923077,0.9923728813559322,8,9,18,1171
Logistic Regression,1,CivilSocietyAssistance,0.46530612244897956,0.4326967635959592,0.5,0.375,0.010221465076660987,0.625,0.375,0.989778534923339,12,12,20,1162
Logistic Regression,2,PoliceReform,0.5200845665961945,0.49357405322336384,0.6708860759493671,0.5047619047619047,0.023614895549500452,0.49523809523809526,0.5047619047619047,0.9763851044504995,53,26,52,1075
Logistic Regression,2,Operations_PatrolsInterventions,0.5200845665961945,0.49357405322336384,0.6785714285714286,0.6333333333333333,0.007653061224489796,0.36666666666666664,0.6333333333333333,0.9923469387755102,19,9,11,1167
Logistic Regression,2,StateAdministration,0.5200845665961945,0.49357405322336384,0.64,0.36363636363636365,0.00774526678141136,0.6363636363636364,0.36363636363636365,0.9922547332185886,16,9,28,1153
Logistic Regression,2,RefugeeAssistance,0.5200845665961945,0.49357405322336384,0.6666666666666666,0.2857142857142857,0.002531645569620253,0.7142857142857143,0.2857142857142857,0.9974683544303797,6,3,15,1182
Logistic Regression,2,ElectionAssistance,0.5200845665961945,0.49357405322336384,0.8181818181818182,0.4090909090909091,0.0016891891891891893,0.5909090909090909,0.4090909090909091,0.9983108108108109,9,2,13,1182
Logistic Regression,2,LegalReform,0.5200845665961945,0.49357405322336384,0.5625,0.34615384615384615,0.005932203389830509,0.6538461538461539,0.34615384615384615,0.9940677966101695,9,7,17,1173
Logistic Regression,2,CivilSocietyAssistance,0.5200845665961945,0.49357405322336384,0.44,0.34375,0.01192504258943782,0.65625,0.34375,0.9880749574105622,11,14,21,1160
Logistic Regression,3,PoliceReform,0.47484909456740443,0.4931620643730665,0.45054945054945056,0.3904761904761905,0.045413260672116255,0.6095238095238096,0.3904761904761905,0.9545867393278837,41,50,64,1051
Logistic Regression,3,Operations_PatrolsInterventions,0.47484909456740443,0.4931620643730665,0.64,0.5333333333333333,0.007653061224489796,0.4666666666666667,0.5333333333333333,0.9923469387755102,16,9,14,1167
Logistic Regression,3,StateAdministration,0.47484909456740443,0.4931620643730665,0.7,0.4772727272727273,0.00774526678141136,0.5227272727272727,0.4772727272727273,0.9922547332185886,21,9,23,1153
Logistic Regression,3,RefugeeAssistance,0.47484909456740443,0.4931620643730665,0.6363636363636364,0.35,0.003372681281618887,0.65,0.35,0.9966273187183811,7,4,13,1182
Logistic Regression,3,ElectionAssistance,0.47484909456740443,0.4931620643730665,0.631578947368421,0.5454545454545454,0.0059121621621621625,0.45454545454545453,0.5454545454545454,0.9940878378378378,12,7,10,1177
Logistic Regression,3,LegalReform,0.47484909456740443,0.4931620643730665,0.5555555555555556,0.38461538461538464,0.006779661016949152,0.6153846153846154,0.38461538461538464,0.9932203389830508,10,8,16,1172
Logistic Regression,3,CivilSocietyAssistance,0.47484909456740443,0.4931620643730665,0.4782608695652174,0.3333333333333333,0.010230179028132993,0.6666666666666666,0.3333333333333333,0.989769820971867,11,12,22,1161
Logistic Regression,4,PoliceReform,0.5278350515463918,0.5115600910672107,0.6933333333333334,0.49523809523809526,0.02089009990917348,0.5047619047619047,0.49523809523809526,0.9791099000908265,52,23,53,1078
Logistic Regression,4,Operations_PatrolsInterventions,0.5278350515463918,0.5115600910672107,0.7619047619047619,0.5333333333333333,0.004251700680272109,0.4666666666666667,0.5333333333333333,0.9957482993197279,16,5,14,1171
Logistic Regression,4,StateAdministration,0.5278350515463918,0.5115600910672107,0.6,0.4090909090909091,0.010327022375215147,0.5909090909090909,0.4090909090909091,0.9896729776247849,18,12,26,1150
Logistic Regression,4,RefugeeAssistance,0.5278350515463918,0.5115600910672107,0.5294117647058824,0.45,0.006745362563237774,0.55,0.45,0.9932546374367622,9,8,11,1178
Logistic Regression,4,ElectionAssistance,0.5278350515463918,0.5115600910672107,0.5789473684210527,0.4782608695652174,0.006762468300929839,0.5217391304347826,0.4782608695652174,0.9932375316990701,11,8,12,1175
Logistic Regression,4,LegalReform,0.5278350515463918,0.5115600910672107,0.5555555555555556,0.4,0.006773920406435224,0.6,0.4,0.9932260795935648,10,8,15,1173
Logistic Regression,4,CivilSocietyAssistance,0.5278350515463918,0.5115600910672107,0.46153846153846156,0.375,0.01192504258943782,0.625,0.375,0.9880749574105622,12,14,20,1160
Logistic Regression,5,PoliceReform,0.4681724845995893,0.43911815423658496,0.5795454545454546,0.4857142857142857,0.03363636363636364,0.5142857142857142,0.4857142857142857,0.9663636363636363,51,37,54,1063
Logistic Regression,5,Operations_PatrolsInterventions,0.4681724845995893,0.43911815423658496,0.6470588235294118,0.3548387096774194,0.005110732538330494,0.6451612903225806,0.3548387096774194,0.9948892674616695,11,6,20,1168
Logistic Regression,5,StateAdministration,0.4681724845995893,0.43911815423658496,0.5483870967741935,0.3953488372093023,0.012048192771084338,0.6046511627906976,0.3953488372093023,0.9879518072289156,17,14,26,1148
Logistic Regression,5,RefugeeAssistance,0.4681724845995893,0.43911815423658496,0.35714285714285715,0.23809523809523808,0.007601351351351352,0.7619047619047619,0.23809523809523808,0.9923986486486487,5,9,16,1175
Logistic Regression,5,ElectionAssistance,0.4681724845995893,0.43911815423658496,0.7142857142857143,0.43478260869565216,0.00338409475465313,0.5652173913043478,0.43478260869565216,0.9966159052453468,10,4,13,1178
Logistic Regression,5,LegalReform,0.4681724845995893,0.43911815423658496,0.45454545454545453,0.38461538461538464,0.010178117048346057,0.6153846153846154,0.38461538461538464,0.989821882951654,10,12,16,1167
Logistic Regression,5,CivilSocietyAssistance,0.4681724845995893,0.43911815423658496,0.5,0.3125,0.008525149190110827,0.6875,0.3125,0.9914748508098892,10,10,22,1163
Balanced Logistic Regression,1,PoliceReform,0.46916299559471364,0.44591399676709953,0.4271356783919598,0.8095238095238095,0.10363636363636364,0.19047619047619047,0.8095238095238095,0.8963636363636364,85,114,20,986
Balanced Logistic Regression,1,Operations_PatrolsInterventions,0.46916299559471364,0.44591399676709953,0.37681159420289856,0.8666666666666667,0.03659574468085106,0.13333333333333333,0.8666666666666667,0.963404255319149,26,43,4,1132
Balanced Logistic Regression,1,StateAdministration,0.46916299559471364,0.44591399676709953,0.29245283018867924,0.7045454545454546,0.06459948320413436,0.29545454545454547,0.7045454545454546,0.9354005167958657,31,75,13,1086
Balanced Logistic Regression,1,RefugeeAssistance,0.46916299559471364,0.44591399676709953,0.32558139534883723,0.7,0.024472573839662448,0.3,0.7,0.9755274261603376,14,29,6,1156
Balanced Logistic Regression,1,ElectionAssistance,0.46916299559471364,0.44591399676709953,0.26153846153846155,0.7727272727272727,0.04057480980557904,0.22727272727272727,0.7727272727272727,0.959425190194421,17,48,5,1135
Balanced Logistic Regression,1,LegalReform,0.46916299559471364,0.44591399676709953,0.3,0.6923076923076923,0.035623409669211195,0.3076923076923077,0.6923076923076923,0.9643765903307888,18,42,8,1137
Balanced Logistic Regression,1,CivilSocietyAssistance,0.46916299559471364,0.44591399676709953,0.25287356321839083,0.6875,0.05541346973572037,0.3125,0.6875,0.9445865302642796,22,65,10,1108
Balanced Logistic Regression,1,PoliceReform,0.46916299559471364,0.44591399676709953,0.4271356783919598,0.8095238095238095,0.10363636363636364,0.19047619047619047,0.8095238095238095,0.8963636363636364,85,114,20,986
Balanced Logistic Regression,1,Operations_PatrolsInterventions,0.46916299559471364,0.44591399676709953,0.37681159420289856,0.8666666666666667,0.03659574468085106,0.13333333333333333,0.8666666666666667,0.963404255319149,26,43,4,1132
Balanced Logistic Regression,1,StateAdministration,0.46916299559471364,0.44591399676709953,0.29245283018867924,0.7045454545454546,0.06459948320413436,0.29545454545454547,0.7045454545454546,0.9354005167958657,31,75,13,1086
Balanced Logistic Regression,1,RefugeeAssistance,0.46916299559471364,0.44591399676709953,0.32558139534883723,0.7,0.024472573839662448,0.3,0.7,0.9755274261603376,14,29,6,1156
Balanced Logistic Regression,1,ElectionAssistance,0.46916299559471364,0.44591399676709953,0.26153846153846155,0.7727272727272727,0.04057480980557904,0.22727272727272727,0.7727272727272727,0.959425190194421,17,48,5,1135
Balanced Logistic Regression,1,LegalReform,0.46916299559471364,0.44591399676709953,0.3,0.6923076923076923,0.035623409669211195,0.3076923076923077,0.6923076923076923,0.9643765903307888,18,42,8,1137
Balanced Logistic Regression,1,CivilSocietyAssistance,0.46916299559471364,0.44591399676709953,0.25287356321839083,0.6875,0.05541346973572037,0.3125,0.6875,0.9445865302642796,22,65,10,1108
Balanced Logistic Regression,2,PoliceReform,0.45230439442658094,0.4340562428975675,0.4175257731958763,0.7714285714285715,0.10263396911898275,0.22857142857142856,0.7714285714285715,0.8973660308810173,81,113,24,988
Balanced Logistic Regression,2,Operations_PatrolsInterventions,0.45230439442658094,0.4340562428975675,0.4,0.7333333333333333,0.02806122448979592,0.26666666666666666,0.7333333333333333,0.9719387755102041,22,33,8,1143
Balanced Logistic Regression,2,StateAdministration,0.45230439442658094,0.4340562428975675,0.25688073394495414,0.6363636363636364,0.06970740103270223,0.36363636363636365,0.6363636363636364,0.9302925989672978,28,81,16,1081
Balanced Logistic Regression,2,RefugeeAssistance,0.45230439442658094,0.4340562428975675,0.2711864406779661,0.7619047619047619,0.036286919831223625,0.23809523809523808,0.7619047619047619,0.9637130801687763,16,43,5,1142
Balanced Logistic Regression,2,ElectionAssistance,0.45230439442658094,0.4340562428975675,0.288135593220339,0.7727272727272727,0.03547297297297297,0.22727272727272727,0.7727272727272727,0.964527027027027,17,42,5,1142
Balanced Logistic Regression,2,LegalReform,0.45230439442658094,0.4340562428975675,0.24675324675324675,0.7307692307692307,0.04915254237288136,0.2692307692307692,0.7307692307692307,0.9508474576271186,19,58,7,1122
Balanced Logistic Regression,2,CivilSocietyAssistance,0.45230439442658094,0.4340562428975675,0.2828282828282828,0.8484848484848485,0.060528559249786874,0.15151515151515152,0.8484848484848485,0.9394714407502132,28,71,5,1102
Balanced Logistic Regression,1,PoliceReform,0.46916299559471364,0.44591399676709953,0.4271356783919598,0.8095238095238095,0.10363636363636364,0.19047619047619047,0.8095238095238095,0.8963636363636364,85,114,20,986
Balanced Logistic Regression,1,Operations_PatrolsInterventions,0.46916299559471364,0.44591399676709953,0.37681159420289856,0.8666666666666667,0.03659574468085106,0.13333333333333333,0.8666666666666667,0.963404255319149,26,43,4,1132
Balanced Logistic Regression,1,StateAdministration,0.46916299559471364,0.44591399676709953,0.29245283018867924,0.7045454545454546,0.06459948320413436,0.29545454545454547,0.7045454545454546,0.9354005167958657,31,75,13,1086
Balanced Logistic Regression,1,RefugeeAssistance,0.46916299559471364,0.44591399676709953,0.32558139534883723,0.7,0.024472573839662448,0.3,0.7,0.9755274261603376,14,29,6,1156
Balanced Logistic Regression,1,ElectionAssistance,0.46916299559471364,0.44591399676709953,0.26153846153846155,0.7727272727272727,0.04057480980557904,0.22727272727272727,0.7727272727272727,0.959425190194421,17,48,5,1135
Balanced Logistic Regression,1,LegalReform,0.46916299559471364,0.44591399676709953,0.3,0.6923076923076923,0.035623409669211195,0.3076923076923077,0.6923076923076923,0.9643765903307888,18,42,8,1137
Balanced Logistic Regression,1,CivilSocietyAssistance,0.46916299559471364,0.44591399676709953,0.25287356321839083,0.6875,0.05541346973572037,0.3125,0.6875,0.9445865302642796,22,65,10,1108
Balanced Logistic Regression,2,PoliceReform,0.45230439442658094,0.4340562428975675,0.4175257731958763,0.7714285714285715,0.10263396911898275,0.22857142857142856,0.7714285714285715,0.8973660308810173,81,113,24,988
Balanced Logistic Regression,2,Operations_PatrolsInterventions,0.45230439442658094,0.4340562428975675,0.4,0.7333333333333333,0.02806122448979592,0.26666666666666666,0.7333333333333333,0.9719387755102041,22,33,8,1143
Balanced Logistic Regression,2,StateAdministration,0.45230439442658094,0.4340562428975675,0.25688073394495414,0.6363636363636364,0.06970740103270223,0.36363636363636365,0.6363636363636364,0.9302925989672978,28,81,16,1081
Balanced Logistic Regression,2,RefugeeAssistance,0.45230439442658094,0.4340562428975675,0.2711864406779661,0.7619047619047619,0.036286919831223625,0.23809523809523808,0.7619047619047619,0.9637130801687763,16,43,5,1142
Balanced Logistic Regression,2,ElectionAssistance,0.45230439442658094,0.4340562428975675,0.288135593220339,0.7727272727272727,0.03547297297297297,0.22727272727272727,0.7727272727272727,0.964527027027027,17,42,5,1142
Balanced Logistic Regression,2,LegalReform,0.45230439442658094,0.4340562428975675,0.24675324675324675,0.7307692307692307,0.04915254237288136,0.2692307692307692,0.7307692307692307,0.9508474576271186,19,58,7,1122
Balanced Logistic Regression,2,CivilSocietyAssistance,0.45230439442658094,0.4340562428975675,0.2828282828282828,0.8484848484848485,0.060528559249786874,0.15151515151515152,0.8484848484848485,0.9394714407502132,28,71,5,1102
Balanced Logistic Regression,3,PoliceReform,0.4690265486725664,0.44942368557159657,0.42702702702702705,0.7523809523809524,0.09627611262488647,0.24761904761904763,0.7523809523809524,0.9037238873751136,79,106,26,995
Balanced Logistic Regression,3,Operations_PatrolsInterventions,0.4690265486725664,0.44942368557159657,0.3728813559322034,0.7333333333333333,0.031462585034013606,0.26666666666666666,0.7333333333333333,0.9685374149659864,22,37,8,1139
Balanced Logistic Regression,3,StateAdministration,0.4690265486725664,0.44942368557159657,0.2980769230769231,0.7209302325581395,0.06276870163370593,0.27906976744186046,0.7209302325581395,0.937231298366294,31,73,12,1090
Balanced Logistic Regression,3,RefugeeAssistance,0.4690265486725664,0.44942368557159657,0.265625,0.8095238095238095,0.039662447257383965,0.19047619047619047,0.8095238095238095,0.960337552742616,17,47,4,1138
Balanced Logistic Regression,3,ElectionAssistance,0.4690265486725664,0.44942368557159657,0.29508196721311475,0.782608695652174,0.03634826711749789,0.21739130434782608,0.782608695652174,0.9636517328825022,18,43,5,1140
Balanced Logistic Regression,3,LegalReform,0.4690265486725664,0.44942368557159657,0.29508196721311475,0.6923076923076923,0.036440677966101696,0.3076923076923077,0.6923076923076923,0.9635593220338983,18,43,8,1137
Balanced Logistic Regression,3,CivilSocietyAssistance,0.4690265486725664,0.44942368557159657,0.3,0.84375,0.05366269165247019,0.15625,0.84375,0.9463373083475298,27,63,5,1111
Balanced Logistic Regression,1,PoliceReform,0.46916299559471364,0.44591399676709953,0.4271356783919598,0.8095238095238095,0.10363636363636364,0.19047619047619047,0.8095238095238095,0.8963636363636364,85,114,20,986
Balanced Logistic Regression,1,Operations_PatrolsInterventions,0.46916299559471364,0.44591399676709953,0.37681159420289856,0.8666666666666667,0.03659574468085106,0.13333333333333333,0.8666666666666667,0.963404255319149,26,43,4,1132
Balanced Logistic Regression,1,StateAdministration,0.46916299559471364,0.44591399676709953,0.29245283018867924,0.7045454545454546,0.06459948320413436,0.29545454545454547,0.7045454545454546,0.9354005167958657,31,75,13,1086
Balanced Logistic Regression,1,RefugeeAssistance,0.46916299559471364,0.44591399676709953,0.32558139534883723,0.7,0.024472573839662448,0.3,0.7,0.9755274261603376,14,29,6,1156
Balanced Logistic Regression,1,ElectionAssistance,0.46916299559471364,0.44591399676709953,0.26153846153846155,0.7727272727272727,0.04057480980557904,0.22727272727272727,0.7727272727272727,0.959425190194421,17,48,5,1135
Balanced Logistic Regression,1,LegalReform,0.46916299559471364,0.44591399676709953,0.3,0.6923076923076923,0.035623409669211195,0.3076923076923077,0.6923076923076923,0.9643765903307888,18,42,8,1137
Balanced Logistic Regression,1,CivilSocietyAssistance,0.46916299559471364,0.44591399676709953,0.25287356321839083,0.6875,0.05541346973572037,0.3125,0.6875,0.9445865302642796,22,65,10,1108
Balanced Logistic Regression,2,PoliceReform,0.45230439442658094,0.4340562428975675,0.4175257731958763,0.7714285714285715,0.10263396911898275,0.22857142857142856,0.7714285714285715,0.8973660308810173,81,113,24,988
Balanced Logistic Regression,2,Operations_PatrolsInterventions,0.45230439442658094,0.4340562428975675,0.4,0.7333333333333333,0.02806122448979592,0.26666666666666666,0.7333333333333333,0.9719387755102041,22,33,8,1143
Balanced Logistic Regression,2,StateAdministration,0.45230439442658094,0.4340562428975675,0.25688073394495414,0.6363636363636364,0.06970740103270223,0.36363636363636365,0.6363636363636364,0.9302925989672978,28,81,16,1081
Balanced Logistic Regression,2,RefugeeAssistance,0.45230439442658094,0.4340562428975675,0.2711864406779661,0.7619047619047619,0.036286919831223625,0.23809523809523808,0.7619047619047619,0.9637130801687763,16,43,5,1142
Balanced Logistic Regression,2,ElectionAssistance,0.45230439442658094,0.4340562428975675,0.288135593220339,0.7727272727272727,0.03547297297297297,0.22727272727272727,0.7727272727272727,0.964527027027027,17,42,5,1142
Balanced Logistic Regression,2,LegalReform,0.45230439442658094,0.4340562428975675,0.24675324675324675,0.7307692307692307,0.04915254237288136,0.2692307692307692,0.7307692307692307,0.9508474576271186,19,58,7,1122
Balanced Logistic Regression,2,CivilSocietyAssistance,0.45230439442658094,0.4340562428975675,0.2828282828282828,0.8484848484848485,0.060528559249786874,0.15151515151515152,0.8484848484848485,0.9394714407502132,28,71,5,1102
Balanced Logistic Regression,3,PoliceReform,0.4690265486725664,0.44942368557159657,0.42702702702702705,0.7523809523809524,0.09627611262488647,0.24761904761904763,0.7523809523809524,0.9037238873751136,79,106,26,995
Balanced Logistic Regression,3,Operations_PatrolsInterventions,0.4690265486725664,0.44942368557159657,0.3728813559322034,0.7333333333333333,0.031462585034013606,0.26666666666666666,0.7333333333333333,0.9685374149659864,22,37,8,1139
Balanced Logistic Regression,3,StateAdministration,0.4690265486725664,0.44942368557159657,0.2980769230769231,0.7209302325581395,0.06276870163370593,0.27906976744186046,0.7209302325581395,0.937231298366294,31,73,12,1090
Balanced Logistic Regression,3,RefugeeAssistance,0.4690265486725664,0.44942368557159657,0.265625,0.8095238095238095,0.039662447257383965,0.19047619047619047,0.8095238095238095,0.960337552742616,17,47,4,1138
Balanced Logistic Regression,3,ElectionAssistance,0.4690265486725664,0.44942368557159657,0.29508196721311475,0.782608695652174,0.03634826711749789,0.21739130434782608,0.782608695652174,0.9636517328825022,18,43,5,1140
Balanced Logistic Regression,3,LegalReform,0.4690265486725664,0.44942368557159657,0.29508196721311475,0.6923076923076923,0.036440677966101696,0.3076923076923077,0.6923076923076923,0.9635593220338983,18,43,8,1137
Balanced Logistic Regression,3,CivilSocietyAssistance,0.4690265486725664,0.44942368557159657,0.3,0.84375,0.05366269165247019,0.15625,0.84375,0.9463373083475298,27,63,5,1111
Balanced Logistic Regression,4,PoliceReform,0.47791619479048697,0.457632874640381,0.43315508021390375,0.7714285714285715,0.09627611262488647,0.22857142857142856,0.7714285714285715,0.9037238873751136,81,106,24,995
Balanced Logistic Regression,4,Operations_PatrolsInterventions,0.47791619479048697,0.457632874640381,0.41379310344827586,0.8,0.02891156462585034,0.2,0.8,0.9710884353741497,24,34,6,1142
Balanced Logistic Regression,4,StateAdministration,0.47791619479048697,0.457632874640381,0.3181818181818182,0.6363636363636364,0.05163511187607573,0.36363636363636365,0.6363636363636364,0.9483648881239243,28,60,16,1102
Balanced Logistic Regression,4,RefugeeAssistance,0.47791619479048697,0.457632874640381,0.2857142857142857,0.7619047619047619,0.03375527426160337,0.23809523809523808,0.7619047619047619,0.9662447257383966,16,40,5,1145
Balanced Logistic Regression,4,ElectionAssistance,0.47791619479048697,0.457632874640381,0.2982456140350877,0.7391304347826086,0.0338123415046492,0.2608695652173913,0.7391304347826086,0.9661876584953508,17,40,6,1143
Balanced Logistic Regression,4,LegalReform,0.47791619479048697,0.457632874640381,0.27941176470588236,0.76,0.04149026248941575,0.24,0.76,0.9585097375105842,19,49,6,1132
Balanced Logistic Regression,4,CivilSocietyAssistance,0.47791619479048697,0.457632874640381,0.29213483146067415,0.8125,0.05366269165247019,0.1875,0.8125,0.9463373083475298,26,63,6,1111
Balanced Logistic Regression,1,PoliceReform,0.46916299559471364,0.44591399676709953,0.4271356783919598,0.8095238095238095,0.10363636363636364,0.19047619047619047,0.8095238095238095,0.8963636363636364,85,114,20,986
Balanced Logistic Regression,1,Operations_PatrolsInterventions,0.46916299559471364,0.44591399676709953,0.37681159420289856,0.8666666666666667,0.03659574468085106,0.13333333333333333,0.8666666666666667,0.963404255319149,26,43,4,1132
Balanced Logistic Regression,1,StateAdministration,0.46916299559471364,0.44591399676709953,0.29245283018867924,0.7045454545454546,0.06459948320413436,0.29545454545454547,0.7045454545454546,0.9354005167958657,31,75,13,1086
Balanced Logistic Regression,1,RefugeeAssistance,0.46916299559471364,0.44591399676709953,0.32558139534883723,0.7,0.024472573839662448,0.3,0.7,0.9755274261603376,14,29,6,1156
Balanced Logistic Regression,1,ElectionAssistance,0.46916299559471364,0.44591399676709953,0.26153846153846155,0.7727272727272727,0.04057480980557904,0.22727272727272727,0.7727272727272727,0.959425190194421,17,48,5,1135
Balanced Logistic Regression,1,LegalReform,0.46916299559471364,0.44591399676709953,0.3,0.6923076923076923,0.035623409669211195,0.3076923076923077,0.6923076923076923,0.9643765903307888,18,42,8,1137
Balanced Logistic Regression,1,CivilSocietyAssistance,0.46916299559471364,0.44591399676709953,0.25287356321839083,0.6875,0.05541346973572037,0.3125,0.6875,0.9445865302642796,22,65,10,1108
Balanced Logistic Regression,2,PoliceReform,0.45230439442658094,0.4340562428975675,0.4175257731958763,0.7714285714285715,0.10263396911898275,0.22857142857142856,0.7714285714285715,0.8973660308810173,81,113,24,988
Balanced Logistic Regression,2,Operations_PatrolsInterventions,0.45230439442658094,0.4340562428975675,0.4,0.7333333333333333,0.02806122448979592,0.26666666666666666,0.7333333333333333,0.9719387755102041,22,33,8,1143
Balanced Logistic Regression,2,StateAdministration,0.45230439442658094,0.4340562428975675,0.25688073394495414,0.6363636363636364,0.06970740103270223,0.36363636363636365,0.6363636363636364,0.9302925989672978,28,81,16,1081
Balanced Logistic Regression,2,RefugeeAssistance,0.45230439442658094,0.4340562428975675,0.2711864406779661,0.7619047619047619,0.036286919831223625,0.23809523809523808,0.7619047619047619,0.9637130801687763,16,43,5,1142
Balanced Logistic Regression,2,ElectionAssistance,0.45230439442658094,0.4340562428975675,0.288135593220339,0.7727272727272727,0.03547297297297297,0.22727272727272727,0.7727272727272727,0.964527027027027,17,42,5,1142
Balanced Logistic Regression,2,LegalReform,0.45230439442658094,0.4340562428975675,0.24675324675324675,0.7307692307692307,0.04915254237288136,0.2692307692307692,0.7307692307692307,0.9508474576271186,19,58,7,1122
Balanced Logistic Regression,2,CivilSocietyAssistance,0.45230439442658094,0.4340562428975675,0.2828282828282828,0.8484848484848485,0.060528559249786874,0.15151515151515152,0.8484848484848485,0.9394714407502132,28,71,5,1102
Balanced Logistic Regression,3,PoliceReform,0.4690265486725664,0.44942368557159657,0.42702702702702705,0.7523809523809524,0.09627611262488647,0.24761904761904763,0.7523809523809524,0.9037238873751136,79,106,26,995
Balanced Logistic Regression,3,Operations_PatrolsInterventions,0.4690265486725664,0.44942368557159657,0.3728813559322034,0.7333333333333333,0.031462585034013606,0.26666666666666666,0.7333333333333333,0.9685374149659864,22,37,8,1139
Balanced Logistic Regression,3,StateAdministration,0.4690265486725664,0.44942368557159657,0.2980769230769231,0.7209302325581395,0.06276870163370593,0.27906976744186046,0.7209302325581395,0.937231298366294,31,73,12,1090
Balanced Logistic Regression,3,RefugeeAssistance,0.4690265486725664,0.44942368557159657,0.265625,0.8095238095238095,0.039662447257383965,0.19047619047619047,0.8095238095238095,0.960337552742616,17,47,4,1138
Balanced Logistic Regression,3,ElectionAssistance,0.4690265486725664,0.44942368557159657,0.29508196721311475,0.782608695652174,0.03634826711749789,0.21739130434782608,0.782608695652174,0.9636517328825022,18,43,5,1140
Balanced Logistic Regression,3,LegalReform,0.4690265486725664,0.44942368557159657,0.29508196721311475,0.6923076923076923,0.036440677966101696,0.3076923076923077,0.6923076923076923,0.9635593220338983,18,43,8,1137
Balanced Logistic Regression,3,CivilSocietyAssistance,0.4690265486725664,0.44942368557159657,0.3,0.84375,0.05366269165247019,0.15625,0.84375,0.9463373083475298,27,63,5,1111
Balanced Logistic Regression,4,PoliceReform,0.47791619479048697,0.457632874640381,0.43315508021390375,0.7714285714285715,0.09627611262488647,0.22857142857142856,0.7714285714285715,0.9037238873751136,81,106,24,995
Balanced Logistic Regression,4,Operations_PatrolsInterventions,0.47791619479048697,0.457632874640381,0.41379310344827586,0.8,0.02891156462585034,0.2,0.8,0.9710884353741497,24,34,6,1142
Balanced Logistic Regression,4,StateAdministration,0.47791619479048697,0.457632874640381,0.3181818181818182,0.6363636363636364,0.05163511187607573,0.36363636363636365,0.6363636363636364,0.9483648881239243,28,60,16,1102
Balanced Logistic Regression,4,RefugeeAssistance,0.47791619479048697,0.457632874640381,0.2857142857142857,0.7619047619047619,0.03375527426160337,0.23809523809523808,0.7619047619047619,0.9662447257383966,16,40,5,1145
Balanced Logistic Regression,4,ElectionAssistance,0.47791619479048697,0.457632874640381,0.2982456140350877,0.7391304347826086,0.0338123415046492,0.2608695652173913,0.7391304347826086,0.9661876584953508,17,40,6,1143
Balanced Logistic Regression,4,LegalReform,0.47791619479048697,0.457632874640381,0.27941176470588236,0.76,0.04149026248941575,0.24,0.76,0.9585097375105842,19,49,6,1132
Balanced Logistic Regression,4,CivilSocietyAssistance,0.47791619479048697,0.457632874640381,0.29213483146067415,0.8125,0.05366269165247019,0.1875,0.8125,0.9463373083475298,26,63,6,1111
Balanced Logistic Regression,5,PoliceReform,0.4756637168141593,0.44870118503808587,0.48520710059171596,0.780952380952381,0.07901907356948229,0.21904761904761905,0.780952380952381,0.9209809264305178,82,87,23,1014
Balanced Logistic Regression,5,Operations_PatrolsInterventions,0.4756637168141593,0.44870118503808587,0.359375,0.7419354838709677,0.03489361702127659,0.25806451612903225,0.7419354838709677,0.9651063829787234,23,41,8,1134
Balanced Logistic Regression,5,StateAdministration,0.4756637168141593,0.44870118503808587,0.2713178294573643,0.7954545454545454,0.08089500860585198,0.20454545454545456,0.7954545454545454,0.919104991394148,35,94,9,1068
Balanced Logistic Regression,5,RefugeeAssistance,0.4756637168141593,0.44870118503808587,0.2830188679245283,0.75,0.03204047217537943,0.25,0.75,0.9679595278246206,15,38,5,1148
Balanced Logistic Regression,5,ElectionAssistance,0.4756637168141593,0.44870118503808587,0.2777777777777778,0.6818181818181818,0.032939189189189186,0.3181818181818182,0.6818181818181818,0.9670608108108109,15,39,7,1145
Balanced Logistic Regression,5,LegalReform,0.4756637168141593,0.44870118503808587,0.25,0.8076923076923077,0.053389830508474574,0.19230769230769232,0.8076923076923077,0.9466101694915254,21,63,5,1117
Balanced Logistic Regression,5,CivilSocietyAssistance,0.4756637168141593,0.44870118503808587,0.3380281690140845,0.75,0.04003407155025554,0.25,0.75,0.9599659284497445,24,47,8,1127
